{"cameraMode":{"drawMode":0,"name":"Shaded","section":"Shading Mode"},"sceneLighting":false,"audioPlay":false,"sceneViewState":{"showFog":true,"showMaterialUpdate":false,"showSkybox":true,"showFlares":true,"showImageEffects":true,"showParticleSystems":true},"in2DMode":false,"pivot":{"x":1.0152137279510499,"y":0.40958356857299807,"z":-1.907961130142212},"rotation":{"x":0.1382083147764206,"y":-0.5355464220046997,"z":0.08935940265655518,"w":0.8283136487007141},"size":2.8578836917877199,"orthographic":false}