{"cameraMode":{"drawMode":0,"name":"Shaded","section":"Shading Mode"},"sceneLighting":false,"audioPlay":false,"sceneViewState":{"showFog":true,"showMaterialUpdate":false,"showSkybox":true,"showFlares":true,"showImageEffects":true,"showParticleSystems":true},"in2DMode":false,"pivot":{"x":1.0152137279510499,"y":0.40958356857299807,"z":-1.907961130142212},"rotation":{"x":-0.45899689197540285,"y":-0.110094353556633,"z":0.05744222551584244,"w":-0.8797167539596558},"size":22.0,"orthographic":false}