{"cameraMode":{"drawMode":0,"name":"Shaded","section":"Shading Mode"},"sceneLighting":false,"audioPlay":false,"sceneViewState":{"showFog":true,"showMaterialUpdate":false,"showSkybox":true,"showFlares":true,"showImageEffects":true,"showParticleSystems":true},"in2DMode":false,"pivot":{"x":-0.3995765447616577,"y":0.6953475475311279,"z":0.4534515142440796},"rotation":{"x":-0.17035892605781556,"y":0.5524826645851135,"z":-0.11654776334762573,"w":-0.8075626492500305},"size":2.769033670425415,"orthographic":false}