{"cameraMode":{"drawMode":0,"name":"Shaded","section":"Shading Mode"},"sceneLighting":false,"audioPlay":false,"sceneViewState":{"showFog":true,"showMaterialUpdate":false,"showSkybox":true,"showFlares":true,"showImageEffects":true,"showParticleSystems":true},"in2DMode":false,"pivot":{"x":1.0152137279510499,"y":0.40958356857299807,"z":-1.907961130142212},"rotation":{"x":-0.04789979010820389,"y":0.856804609298706,"z":-0.5069898366928101,"w":-0.08094990998506546},"size":2.8578836917877199,"orthographic":false}